question,answer
What were the developments and changes in the periodic table with respect to the inert or noble gases and other elements during the early 20th century?,"During the early 20th century, significant developments occurred in the periodic table concerning the inert or noble gases and other elements. Mendeleev's original periodic table did not predict the existence of inert gases, and initially, Mendeleev rejected their inclusion due to their inability to form oxides [1]. However, after discussions with Ramsay, Mendeleev agreed to place inert gases in a new group between halogens and alkali metals, referred to as group 0 [1]. This placement was proposed to accommodate the noble gases without disturbing the periodic table's basic concept. Also, there were efforts to incorporate the rare-earth elements (lanthanides), which were eventually placed by Alfred Werner in their respective positions, leading to a restructuring of the table [1]. Radioactive decay's discovery further complicated element placement due to isotopes, substances that were chemically identical but had different atomic weights. Frederick Soddy introduced the term 'isotopes' to describe these elements [2]. This concept required adjustments in the periodic table to accommodate isotopes without disrupting the established order of elements [2]. Further studies led by Henry Moseley linked elements' physical properties to their X-ray emissions, correlating to their nuclear charges (atomic numbers), which refined the periodic table structure [2]."
"What are the factors determining the placement of hydrogen and helium in the periodic table, and why is there debate about their positions?","The placement of hydrogen and helium in the periodic table is debated due to their unique properties which make them difficult to categorize. For hydrogen, factors include its s1 electron configuration that suggests placement in group 1 with alkali metals due to shared properties like losing its single valence electron in reactions and being able to displace some metals from salts. However, hydrogen also exhibits properties similar to halogens in group 17, such as forming hydrides by gaining an electron and existing as a diatomic nonmetallic gas. Consequently, hydrogen's placement varies, being commonly placed in group 1, sometimes in group 17, both, or even separately [1]. For helium, its placement is almost universally in group 18 as it shares full outer shell and inertness properties with noble gases despite its s2 electron configuration that would suggest group 2 placement, alongside alkaline earth metals. Helium is sometimes placed in group 2 to reflect its structural similarity with beryllium and magnesium, such as in crystal structure and theoretically possible chemistry at low temperatures, but its low reactivity supports its common group 18 categorization. Further debate arises because helium displays anomalies when viewed as a noble gas due to its first-row position, which is unique compared to heavier noble gases [1][2]."
What were the circumstances leading to the discovery of niobium?,"Niobium was first discovered in 1801 by Charles Hatchett, who found the element in columbite ore and named it columbium. However, in 1809, W. H. Wollaston erroneously claimed that columbium and tantalum were identical. This claim was later disproven by Heinrich Rose in 1844, who demonstrated that the element was distinct from tantalum and renamed it niobium. The name niobium, preferring the European naming convention, was officially accepted by IUPAC in 1949, although American scientists commonly used the name columbium until then [1]."
What are some common JavaScript syntax errors and their causes?,Some common JavaScript syntax errors and their causes include: 1. 'SyntaxError: function statement requires a name': This occurs when defining a function without providing a name. 2. 'SyntaxError: getter functions must have no arguments': This happens when a getter method is defined with arguments. 3. 'SyntaxError: illegal character': This arises when the script contains characters not recognized by JavaScript. 4. 'SyntaxError: invalid assignment left-hand side': This error occurs when an invalid expression is used on the left side of an assignment. 5. 'SyntaxError: missing ) after argument list': This happens when the script is missing a closing parenthesis after an argument list. 6. 'SyntaxError: missing = in const declaration': This occurs when a constant declaration does not have an initializer [2].
What are the non-standard CSS properties prefixed with '-moz-' and '-webkit-'?,"The non-standard CSS properties with the '-moz-' prefix are: '-moz-force-broken-image-icon', '-moz-image-region', '-moz-orient', '-moz-user-focus', '-moz-user-input'. The non-standard CSS properties with the '-webkit-' prefix are: '-webkit-border-before', '-webkit-box-reflect', '-webkit-line-clamp', '-webkit-mask-box-image', '-webkit-mask-composite', '-webkit-mask-position-x', '-webkit-mask-position-y', '-webkit-mask-repeat-x', '-webkit-mask-repeat-y', '-webkit-tap-highlight-color', '-webkit-text-fill-color', '-webkit-text-security', '-webkit-text-stroke', '-webkit-text-stroke-color', '-webkit-text-stroke-width', '-webkit-touch-callout'."
"What are some key features and services provided by the Python Standard Library, and how do they support various programming tasks?","The Python Standard Library provides a comprehensive suite of modules and functionalities that support various programming tasks across different domains. Key features and services include: built-in modules (written in C) for system functionality such as file I/O, modules for portability with platform-neutral APIs, and an extensive list of built-in functions and types like abs(), all(), any(), bin(), bool, and complex [1]. It also offers text processing services with modules like string, re, and difflib, and binary data services with struct and codecs [2]. Additionally, the library supports data types such as datetime and collections, numeric and mathematical modules like math and random, functional programming tools including itertools and functools, file and directory access modules such as pathlib and shutil, and data compression and archiving with zlib and tarfile [2]. Networking and internet protocols are supported by modules like asyncio and socket, XML processing with xmletreeElementTree and xmldom, and structured markup processing with html and htmlparser [3]. Graphical user interfaces, internationalization services, multimedia services, and testing frameworks are also included, enabling a wide range of applications [3]. These services enhance Python's versatility in handling different programming requirements from data manipulation to web services and beyond."
"What initiatives has WHO launched to improve diabetes prevention and care, particularly in low- and middle-income countries?","The WHO has launched the Global Diabetes Compact in April 2021 as a global initiative aiming for sustained improvements in diabetes prevention and care, specifically focusing on supporting low- and middle-income countries. The World Health Assembly endorsed a Resolution in May 2021 on strengthening prevention and control of diabetes, and in May 2022, it endorsed five global diabetes coverage targets to be achieved by 2030 [3]."
What are the key features and benefits of the FKWC tests introduced by Kelly Ramsay and Shojaeddin Chenouri in their paper on nonparametric hypothesis tests for functional data?,"The FKWC tests introduced by Kelly Ramsay and Shojaeddin Chenouri are a group of robust, nonparametric hypothesis tests designed to detect differences between the covariance operators of several populations of functional data. Key features and benefits of these tests include their robustness against heavy-tailed data, simple distribution under the null hypothesis, computational efficiency, and transformation invariance properties. They are shown to be consistent under mild, nonparametric assumptions and perform well in simulations, especially when the true covariance kernels have strictly positive eigenvalues. Additionally, they possess higher power than their competitors while maintaining nominal size. The tests utilize a new functional depth function called L2-root depth for detecting differences in magnitude between covariance kernels. Methods for computing sample size and performing multiple comparisons are also provided [1]."
What are the main findings and methodologies used in the study on metaphorical expressions and everyday experiences of people with young-onset dementia?,"The main findings of the study on metaphorical expressions and everyday experiences of people with young-onset dementia indicate that metaphors add a deeper understanding of participants' descriptions of daily life in a more existential way beyond what is obtained from a grounded theory analysis. Specifically, the study identified three categories of metaphorical expressions: Sliding away, leaving traces, and all alone in the world, which collectively represent the participants' shifting sense of being [1]. The methodology used in this study involved a secondary analysis of data, using Steger's anthropological three-step method to investigate metaphors from 20 Norwegian men and women living with young-onset dementia [1]."
Какие подходы в философии математики существуют и как они характеризуются?,"В философии математики существуют несколько подходов: 1) Теоретико-множественный подход рассматривает все математические объекты в рамках теории множеств, чаще всего с аксиоматикой Цермело-Френкеля. Этот подход с середины XX века считается преобладающим, но большинство математических работ не стремятся переводить свои утверждения строго на язык теории множеств [1]. 2) Логицизм предполагает строгую типизацию математических объектов и утверждает, что многие парадоксы, избегаемые в теории множеств, оказываются невозможными [2]. 3) Формализм предполагает изучение формальных систем на основе классической логики [2]. 4) Интуиционизм основывается на интуиционистской логике, отвергает доказательства от противного и многие неконструктивные доказательства, вместо этого сосредотачиваясь на более надежных методах доказательства [2]. 5) Конструктивная математика, близкая к интуиционизму, изучает конструктивные построения и требует, чтобы существование объекта означало его построенность [2]."
What are the notable contributions of Archimedes of Syracuse to mathematics as discussed in Boyer's 1991 book?,"The notable contributions of Archimedes of Syracuse to mathematics, as discussed in Boyer's 1991 book, include advances in geometry and mathematical physics. Archimedes is known for his work in finding the area of a circle, the surface area and volume of a sphere, and the area under a parabola. He also contributed to the understanding of the principles of levers and buoyancy. These achievements are highlighted on page 120 and page 130 of Boyer's book."
What information is missing to formulate a question?,"The text content from the source is missing, which makes it impossible to formulate a specific question regarding the source material."
"What programming concepts in the C# language are discussed in the article related to covariance, contravariance, and iterators?","The article discusses the programming concepts of covariance and contravariance in C#, which demonstrate how to enable implicit conversion of generic type parameters in interfaces and delegates. Additionally, it describes iterators, which are utilized to step through collections and return elements one at a time [1]."
What is Planck's radiation law and how did it change the understanding of light in terms of energy distribution?,"Planck's radiation law was a fundamental development in physics proposed by Max Planck in 1900. This law introduced the concept that electromagnetic radiation is emitted in discrete packets called quanta, rather than continuously. The energy E of each quantum is related to the frequency \( \nu \) by the equation \( E = h \nu \), where \( h \) is Planck's constant. This approach resolved the issue that classical physics faced in accurately predicting the energy distribution of radiation from a blackbody. Classical theories could not align with experimental observations, especially at long and short wavelengths, as demonstrated by Wien's and Rayleigh's formulas, respectively. However, Planck's quantum hypothesis allowed the calculated energy spectrum to match observations across all wavelengths, fundamentally changing the understanding of light and energy distribution by introducing the granular nature of electromagnetic radiation [2]."
"What unique scientific capabilities has the Hubble Space Telescope demonstrated through its observations, and how have these discoveries impacted our understanding of the universe?","The Hubble Space Telescope has demonstrated a number of unique scientific capabilities through its observations. One of its significant contributions includes determining the atmospheric composition of planets around other stars, which has marked a new era in the search for life beyond our solar system [1]. Hubble has also played a crucial role in the discovery of dark energy, a mysterious force that is causing the universe to expand at an accelerating rate [3]. Its ability to capture stunning high-resolution images of the cosmos has allowed us to understand that black holes exist at the center of almost all galaxies and that Jupiter's Great Red Spot is shrinking [3]. These observations have fundamentally changed our understanding of the universe, revealing phenomena that were previously unknown and updating astronomy textbooks across the world [3]."
What are the functions available for transforming a PySpark DataFrame and what do they do?,"The context provided mentions various functions available for transforming a PySpark DataFrame. Key transformation functions include: 'pyspark.sql.DataFrame.describe' for generating descriptive statistics, 'pyspark.sql.DataFrame.distinct' for dropping duplicate rows, 'pyspark.sql.DataFrame.dropDuplicates' for dropping duplicate rows based on specific columns, 'pyspark.sql.DataFrame.drop_duplicates' as an alias for the same operation, 'pyspark.sql.DataFrame.fillna' to replace null values, 'pyspark.sql.DataFrame.groupBy' to group the DataFrame using specified columns, 'pyspark.sql.DataFrame.join' for joining two DataFrames, 'pyspark.sql.DataFrame.orderBy' for sorting the DataFrame, 'pyspark.sql.DataFrame.select' for selecting specific columns, and 'pyspark.sql.DataFrame.withColumn' for adding a new column or replacing an existing one by applying a user-defined function. Each of these functions can be used to manipulate and operate on PySpark DataFrames effectively for various data processing tasks [1]."
Какой цвет подсветки клавиатуры у Dell G3 15 и чем он отличается от традиционной подсветки у игровых ноутбуков?,"У Dell G3 15 подсветка клавиатуры имеет успокаивающий голубой цвет, что отличается от традиционной агрессивно-красной подсветки, часто встречающейся у игровых ноутбуков [1]."
What are the main educational components and course structure of the 'Supervised Machine Learning: Regression and Classification' course offered by Coursera?,"The 'Supervised Machine Learning: Regression and Classification' course offered by Coursera consists of several key educational components and a structured course format. It includes:
- Videos: The course contains multiple videos providing lectures and demonstrations (e.g. 20 videos in week 1 with a total of 146 minutes [2]).
- Readings: The course includes 2 readings to supplement understanding [3].
- Assignments: There are several assignments such as practice quizzes (e.g., 3 assignments totaling 35 minutes in week 1 [2]) and programming assignments (e.g., 1 programming assignment in week 2 [3]).
- Labs: The course offers both graded and ungraded labs for hands-on practice (e.g., 4 ungraded labs totaling 240 minutes in week 1 [2]).
The course is structured over three main modules, each focusing on different aspects of supervised machine learning, including linear regression, multiple linear regression, and classification with logistic regression. Additionally, it covers topics such as gradient descent, regularization, feature scaling, and polynomial regression [1], [2], [3]."
What topics and skills are covered in HarvardX's CS50 course on computer science?,"HarvardX's CS50 course covers a wide range of topics and skills within computer science and programming. The course introduces students to intellectual enterprises such as abstraction, algorithms, data structures, encapsulation, resource management, security, software engineering, and web development. Languages taught within the course include C, Python, SQL, JavaScript, CSS, and HTML. The associated skills students can develop include security software, forensic sciences, cryptography, resource management, algorithms, and finance, among others. The course is designed to teach students how to think algorithmically and solve problems efficiently [1][2]."
What is Simon Sinek's model for inspirational leadership that he discussed in his TEDxPuget Sound talk?,"Simon Sinek's model for inspirational leadership involves starting with a concept he calls the 'golden circle' and focusing on the question 'Why?' He uses examples such as Apple, Martin Luther King Jr., and the Wright brothers to illustrate his point [1]."
Каково значение слова 'алгоритм' и его морфологические свойства на русском языке?,"'Алгоритм' - это точный набор инструкций, описывающих последовательность действий для достижения результата или решения задачи. Морфологически это существительное мужского рода, неодушевлённое, второго склонения. Оно имеет корень -алгоритм- и склоняется по типу 1a по классификации А.А. Зализняка [2]."
What is the etymology of the term 'algorithm'?,"The term 'algorithm' originates from the Middle English words 'algorisme' and 'augrym', which came from the Anglo-Norman 'algorisme' and 'augrim'. This was derived from the Medieval Latin 'algorismus', and ultimately from the Arabic 'الخَوَارِزْمِيّ' (al-Khwārizmiyy). This Arabic term is the nisba of the Persian mathematician Muḥammad ibn Mūsā al-Khwārizmī, meaning 'person from Chorasmia'. The spelling change from '-s-' to '-th-' was influenced by the unrelated Ancient Greek 'ἀριθμός' (arithmós), from which the English 'arithmo-' is derived [1]."
What features are offered by the AI web developer mentioned in the text?,"The AI web developer offers features such as on-demand coding assistance for self-guided projects, fully automated AI web development and design, real-time collaboration with Multiplayer AI and Editing, and joining a community of world-class developers."
Какие характеристики и боеприпасы у 107-мм безоткатного орудия Б-11?,"Характеристики 107-мм безоткатного орудия Б-11 следующие: калибр 107 мм, масса в боевом положении 304,8 кг, длина 3,56 м, длина ствола 3383 мм, высота 1,19 м. Угол возвышения от -10° до 45°, угол поворота 35°. Скорострельность составляет 4-5 выстрелов в минуту. Предельная дальность стрельбы составляет 6650 м [1][2]. Боеприпасы включают кумулятивные и осколочные типы. Кумулятивный боеприпас BK-883 имеет дальность стрельбы от 450 до 1400 м и бронепробиваемость до 381 мм, а осколочный боеприпас О-883A имеет дальность стрельбы до 6650 м и масса снаряда составляет 8,51 кг [2]."
Каково историческое значение площади Бастилии и какие памятники установлены на её территории?,"Площадь Бастилии в Париже является знаковым местом для Франции, так как здесь находилась знаменитая крепость-тюрьма, взятие которой штурмом 14 июля 1789 года символизировало победу Французской революции над монархической тиранией Бурбонов [1]. На площади установлена Июльская колонна, воздвигнутая в честь Июльской революции 1830 года, свергнувшей Карла X. На вершине колонны возвышается бронзовый ангел — 'Гений свободы' [2]."
Что такое мезоны в контексте элементарных частиц?,"Мезоны в контексте элементарных частиц — это составные частицы, состоящие из равного числа кварков и антикварков. Они были предсказаны как частицы, переносящие сильное взаимодействие и отвечающие за удержание протонов и нейтронов в атомных ядрах [1]."
What role did France play in the American Revolutionary War and how did it impact the conflict?,"France played a significant role in the American Revolutionary War, primarily by entering the conflict on the side of the colonists in 1778. This turned what started as a civil war into an international conflict and was a decisive factor in the outcome. French assistance was crucial in the American victory, exemplified by their support in the siege of Yorktown. This was when French troops, led by General Jean Baptiste de Rochambeau, and a fleet of French warships helped trap British General Cornwallis and forced his surrender in 1781 [1][2]."
Какова основная тема и смысл песни 'Someone' исполнителя Vanotek?,"Основная тема и смысл песни 'Someone' исполнителя Vanotek заключаются в чувствах тоски и надежды на восстановление отношений. Лирический герой обращается к партнеру с просьбами подтвердить искренность своих чувств и стремление изменить ситуации. Присутствует выражение желания найти место для убегания, доверия и преданности. В песне поднимаются вопросы о значимости партнера, его изменениях и необходимости понять совершенные ошибки [1][2][3]."
What is the OFA framework and what are its key features as described in the selected article?,"The OFA framework, as described in the article, is a Task-Agnostic and Modality-Agnostic framework that supports Task Comprehensiveness. It unifies a diverse set of cross-modal and unimodal tasks, such as image generation, visual grounding, image captioning, image classification, and language modeling, within a simple sequence-to-sequence learning framework. OFA employs instruction-based learning in both pretraining and finetuning stages, eliminating the need for extra task-specific layers for downstream tasks. It is pretrained on 20 million publicly available image-text pairs and despite its simplicity and relatively small-scale training data, OFA achieves new state-of-the-art results in various cross-modal tasks and shows highly competitive performance on unimodal tasks. The framework is also effective in transferring to unseen tasks and domains [1]."
What does the page require to display its content?,The page requires JavaScript to be turned on in the browser to display its content.
Какая фауна и флора обитают в Зоне клубнекустов в игре Subnautica и какие опасности могут встретиться игроку там?,"В Зоне клубнекустов в игре Subnautica обитают электрические угри и костяные акулы, которые являются многочисленной плотоядной фауной, также можно встретить гипнотизёров, но в меньшем количестве [2]. Флора Зоны клубнекустов включает бурые водоросли и растения синего или фиолетового окраса, особенно клубнекуст [2]. Среди опасностей для игрока в этом биоме можно выделить присутствие плотоядной фауны, такой как электрические угри и костяные акулы, а также радиацию в южной части Зоны клубнекустов из-за близости к Зоне крушения [2]."
¿Qué cursos de certificados ofrece W3Schools para el aprendizaje backend?,"W3Schools ofrece los siguientes cursos de certificados para el aprendizaje backend: Python Certificate Course, SQL Certificate Course, MySQL Certificate, PHP Certificate Course, Java Certificate Course, C Certificate, C++ Certificate Course, C# Certificate Course, R Course, Django Certificate, NodeJS Certificate, TypeScript Certificate Course [1][2]."
What are the key themes and economic projections highlighted in the IMF's World Economic Outlook reports from 2022 to 2024?,"The IMF's World Economic Outlook (WEO) reports from 2022 to 2024 highlight several key themes and economic projections. In 2022, global growth was forecast to slow significantly from 6.0% in 2021 to 3.2%, with a further decline to 2.7% in 2023. This slowdown was driven by a broad-based and sharper-than-expected deceleration amid rising interest rates, high inflation, and geopolitical tensions, particularly due to the war in Ukraine [3]. Inflation was projected to rise to 8.8% in 2022 before declining to 6.5% in 2023 and 4.1% by 2024 [3]. By 2023 and 2024, growth was expected to stabilize around 3.0%, despite easing inflation and stringent monetary policies [2]. The 2024 WEO emphasizes 'Policy Pivot, Rising Threats' with stable but underwhelming global growth. The reports also discuss the role of monetary policy in continued global disinflation and the importance of structural reforms for faster economic growth [1][2]. Global growth projections for 2024 and 2025 are set at 3.2% and 3.3% respectively, with lower future growth prospects due to structural impediments [2]."
Какие химические компоненты составляют клеточные стенки красных водорослей и какие соединения встречаются у некоторых их видов?,"Клеточные стенки красных водорослей состоят из микроволокон целлюлозы и слизистой аморфной части, содержащей пектиновые вещества, такие как агар и каррагинан. У некоторых представителей их стенки могут обызвествляться за счет отложений кальцита (кораллина) или арагонита (лиагора) [1]."
"¿Cuál es el año de publicación del volumen 49, número 13 del boletín científico de la Universidad de Kansas?","El año de publicación del volumen 49, número 13 del boletín científico de la Universidad de Kansas es 1972 [2]."
"В чем заключается различие между наивной и оптимальной реализациями алгоритма решета Эратосфена, и как это влияет на сложность алгоритма?","Различие между наивной и оптимальной реализациями алгоритма решета Эратосфена заключается в том, что в наивной реализации для каждого x выполняется зачёркивающий цикл даже для уже зачёркнутых элементов, и эти циклы оцениваются как O(N \log N) из-за того, что цикл выполняется для каждого элемента в диапазоне. В оптимальной реализации зачёркивающий цикл выполняется только для простых чисел x и начинается с x^2, а не с x. Это улучшение позволяет снизить асимптотическую сложность алгоритма до O(N \log \log N), что значительно быстрее для больших чисел [1][2]."
Как современные разработки пытаются решить проблему шума сверхзвуковых гражданских самолетов?,"Современные разработки пытаются решить проблему шума сверхзвуковых гражданских самолетов с помощью нескольких методов. Конструкторы стремятся снизить громкость сверхзвукового полета до уровня, который позволит снять ограничения FAA. В проекте X-59 QueSST, ключевая задача заключалась в демонстрации возможности снижения шума при сверхзвуковом полете. Основной подход заключается в изменении аэродинамической компоновки самолета, включая использование узкого, длинного носа и общую форму, напоминающую удлиненную и тонкую иглу, что позволяет минимизировать звуковые волны. Также используется углепластиковый фюзеляж с термостойким покрытием, что является важным инструментом для уменьшения шума. Вдобавок к этому, фронтальные участки фюзеляжа и крыльев спроектированы под такими углами, чтобы возникающие на них волны не сливались в одну мощную, что также снижает шум. Quesst также использует систему дополненной реальности, вместо окон, чтобы транслировать изображение пилотам, что также способствует снижению шума [1][2][3]."
"Which exhibitions and publications feature discussions of Monet's work, specifically concerning the influence of Japanese prints and its dating to the summer of 1867?","Monet's work, specifically concerning the influence of Japanese prints and its dating to the summer of 1867, is discussed in various exhibitions and publications. The influence of Japanese prints is discussed in several sources, such as John House's comparison of Monet's work to Hokusai's 'Travellers Viewing Mount Fuji' [3], and Geneviève Lacambre's comparison to Japanese balconies [3]. Additionally, Virginia Spate and David Bromfield in 'Monet & Japan' explore this influence [5]. As for the dating of the work to the summer of 1867, this is mentioned by Anne-Marie Bergeret-Gourbin and Lynn Federle Orr [5]."
Как используется операция XOR для нахождения значений на отрезке и в чем заключается уникальное свойство операции XOR?,"Операция XOR используется для нахождения значения на отрезке, аналогично тому, как это делается с префиксными суммами. Для нахождения XOR всех чисел на отрезке \([L; R]\) необходимо использовать формулу \(a_L \oplus a_{L+1} \oplus \ldots \oplus a_R = (a_0 \oplus a_1 \oplus \ldots \oplus a_R) \oplus (a_0 \oplus a_1 \oplus \ldots \oplus a_{L - 1})\). Префиксные XOR-ы вычисляются по тому же принципу, что и префиксные суммы [1]. Уникальное свойство операции XOR заключается в том, что она обратна сама себе. Если \(a \oplus b = c\), тогда \(a \oplus c = b\), \(b \oplus a = c\), и так далее [2]."
Как реализовать добавление и проверку наличия строк в префиксном дереве (боре) на языке C++?,"Чтобы добавить строку в префиксное дерево (бор), создается функция add, которая проходит по всем символам строки, создавая новые вершины при необходимости, и увеличивает счетчик в последней вершине. Код функции:

```cpp
void add(const string& s) {
    node *cur_v = root; // текущая вершина
    for (int i = 0; i < s.length(); i++) {
        char c = s[i];
        if (cur_v->next[c - 'a'] == nullptr) {
            cur_v->next[c - 'a'] = new node();
        }
        cur_v = cur_v->next[c - 'a'];
    }
    cur_v->strings++;
}
```

Для проверки наличия строки используется функция has, которая проходит по всем символам строки, проверяет наличие соответствующих узлов и возвращает true, если строка заканчивается в существующей вершине. Код функции:

```cpp
bool has(const string& s) {
    node *cur_v = root; // текущая вершина
    for (int i = 0; i < s.length(); i++) {
        cur_v = cur_v->next[s[i] - 'a'];
        if (cur_v == nullptr) {
            return false;
        }
    }
    return cur_v->strings > 0;
}
```
Эти функции используют структуру node с массивом указателей на дочерние вершины и числом строк, оканчивающихся в данной вершине [1][2]."
"Quelles sont les nouvelles fonctionnalités de Windows 11, version 24H2 ?","Le contexte fourni mentionne simplement qu'il existe une section 'What's new in Windows 11, version 24H2' mais ne fournit pas de détails spécifiques sur les nouvelles fonctionnalités de cette version [1]."
What undergraduate courses are available at Oxford University for prospective students?,"The University of Oxford offers the following undergraduate courses: Archaeology and Anthropology, Asian and Middle Eastern Studies, Biochemistry (Molecular and Cellular), Biology, Biomedical Sciences, Chemistry, Classical Archaeology and Ancient History, Classics, Classics and Asian and Middle Eastern Studies, Classics and English, Classics and Modern Languages, Computer Science, Computer Science and Philosophy, Earth Sciences (Geology), Economics and Management, Engineering Science, English Language and Literature, English and Modern Languages, European and Middle Eastern Languages, Fine Art, Foundation Year (Chemistry, Engineering and Materials Science), Foundation Year (Humanities), Foundation Year (Law), Foundation Year (PPE), Geography, History, History (Ancient and Modern), History and Economics, History and English, History and Modern Languages, History and Politics, History of Art, Human Sciences, Law (Jurisprudence), Materials Science, Mathematics, Mathematics and Computer Science, Mathematics and Philosophy, Mathematics and Statistics, Medicine, Medicine (graduate entry), Modern Languages, Modern Languages and Linguistics, Music, Philosophy and Modern Languages, Philosophy, Politics and Economics (PPE), Philosophy and Theology, Physics, Physics and Philosophy, Psychology (Experimental), Psychology, Philosophy and Linguistics, Religion and Asian and Middle Eastern Studies, Theology and Religion."
Who were the laureates of the Nobel Prize in Physics for 2022 and for what achievements were they recognized?,"The Nobel Prize in Physics for 2022 was awarded jointly to Alain Aspect, John F. Clauser, and Anton Zeilinger for their experiments with entangled photons, establishing the violation of Bell inequalities and pioneering quantum information science [1]."
"Как можно проверить, является ли граф двудольным с помощью алгоритма DFS?","Чтобы проверить, является ли граф двудольным с помощью алгоритма DFS, следует начать покраску с произвольной вершины, покрасив её в произвольный цвет. При обходе по каждому ребру нужно окрашивать следующую вершину в противоположный цвет. Если при переборе соседних вершин найдётся вершина, уже покрашенная в тот же цвет, что и текущая, это означает наличие в графе нечётного цикла, следовательно, граф не является двудольным [1]."
Каковы основные проблемы и подходы к созданию квантовой гравитации?,"Основные проблемы при создании квантовой гравитации заключаются в необходимости согласования квантовой механики и общей теории относительности, которые основаны на разных принципах. Квантовая механика описывает временную эволюцию физических систем на фоне внешнего пространства-времени, тогда как в ОТО пространство-время само является динамической переменной, зависящей от характеристик находящихся в нём классических систем [1]. Ключевыми подходами к разработке теории квантовой гравитации являются теория струн, где вместо частиц и фонового пространства-времени используются струны и их многомерные аналоги — браны [2], а также петлевая квантовая гравитация, которая пытается формулировать квантовую теорию поля без привязки к пространственно-временному фону [1][2][3]."
Какие преступления совершил Варавва согласно различным Евангелиям?,"Согласно различным Евангелиям, Варавва совершил следующие преступления: он был разбойником ([1]), был посажен в темницу за возмущение в городе и убийство ([1]), а также делал убийство во время мятежа вместе со своими сообщниками ([1])."
Какова структура и классификация российских медицинских репозиториев по состоянию на август 2022 года?,"Российские медицинские репозитории в августе 2022 года имели следующую структуру и классификацию: 20% от общего числа зарегистрированных репозиториев в России составляют репозитории по медицинской отрасли знаний [1]. Всего зарегистрировано 213 репозиториев, содержащих только информацию по медицинской отрасли [2]. Среди российских репозиториев преобладают институциональные репозитории - шесть из них, в то время как научных репозиториев по медицине насчитывается два. В категории медицинских репозиториев выделен радиобиологический репозиторий [2]."
How can you programmatically clear the output of a Jupyter notebook cell when new data arrives?,"To programmatically clear the output of a Jupyter notebook cell when new data arrives, you can use the `clear_output` function from the `IPython.display` module. The function can be used within a loop to update the output with new data. Here is an example code: from IPython.display import clear_output for i in range(10): clear_output(wait=True) print('New data received') This code will ensure that only the latest output is displayed, as it will clear any existing output before displaying the new data [1], [2]."
Какова асимптотическая сложность операций с использованием структуры std::map в языке C++?,"Асимптотическая сложность операций с использованием структуры std::map в языке C++ такова: вставка элемента и обновление значения ключа имеют сложность \(O(\log N)\), удаление по ключу также \(O(\log N)\), поиск по ключу \(O(\log N)\), а поиск по значению \(O(N)\). Подсчёт различных ключей на текущий момент имеет сложность \(O(1)\). Стоит помнить, что, хотя асимптотическая сложность указывает на теоретическое время работы, на практике операции с одинаковой сложностью могут выполняться с заметной разницей во времени [1]."
Что происходит с автомобилем при длительной езде на заднем ходу и почему это может быть опасно?,"Длительная езда на заднем ходу может быть опасна для автомобиля, так как двигатель и коробка передач не рассчитаны на такой режим работы. Задняя передача конструктивно отличается от передних: у нее более узкая шестерня с прямыми зубьями, в то время как у передних передач они имеют косые зубья, что позволяет работать более плавно и тихо. Прямые шестерни дешевле и проще, но быстрее изнашиваются [1]. Кроме того, система охлаждения двигателя рассчитана на движение вперед, и на заднем ходу двигатель может нагреваться выше нормы. Хотя вентилятор может помочь охлаждению, двигатель будет работать в предельных температурных режимах [2]."
What are the scientific instruments on the Hubble Space Telescope and their capabilities?,"The Hubble Space Telescope has several scientific instruments with varying capabilities: 1) The Advanced Camera for Surveys (ACS) is a third-generation imaging camera optimized for surveys and broad imaging campaigns. 2) The Cosmic Origins Spectrograph (COS) focuses on ultraviolet (UV) light and is the most sensitive UV spectrograph, enhancing Hubble's sensitivity significantly for observing faint objects like stars and quasars. 3) The Space Telescope Imaging Spectrograph (STIS) is used to obtain high-resolution spectra from various points along a target. 4) The Wide Field Camera 3 (WFC3) serves as the main imager, capturing visible and UV wavelengths and enhancing IR resolution. 5) The Fine Guidance Sensor (FGS) provides pointing information and can measure star positions and brightness changes. 6) Although currently inactive, the Near Infrared Camera and Multi-Object Spectrometer (NICMOS) previously obtained near-infrared images and spectra [2] [3]."
"What is the purpose of Refined TypeScript (RSC) as presented by Panagiotis Vekris, Benjamin Cosman, and Ranjit Jhala?","The purpose of Refined TypeScript (RSC), as presented by Panagiotis Vekris, Benjamin Cosman, and Ranjit Jhala, is to enable static verification of higher-order, imperative programs by using a lightweight refinement type system for TypeScript. It aims to delineate the interaction between refinement types and mutability, and extends the core to account for the imperative and dynamic features of TypeScript. RSC is evaluated on a set of real-world benchmarks, including parts of the Octane benchmarks, D3, Transducers, and the TypeScript compiler [1]."
What are the patterns of depressive episodes and what psychological treatments are available for depression?,"The patterns of depressive episodes include single episode depressive disorder (the person's first and only episode), recurrent depressive disorder (a history of at least two depressive episodes), and bipolar disorder (depressive episodes alternate with periods of manic symptoms) [1][2]. Psychological treatments for depression include behavioral activation, cognitive behavioral therapy, interpersonal psychotherapy, and problem-solving therapy. These treatments can teach new ways of thinking, coping, or relating to others and may involve talk therapy with professionals or supervised lay therapists, available either in person or online. Antidepressant medications, such as selective serotonin reuptake inhibitors (SSRIs), may be combined with these treatments, especially in moderate and severe cases of depression [2]."
Какие условия доставки мебели предлагает интернет-магазин в Долгопрудном?,"Интернет-магазин в Долгопрудном предлагает доставку заказанной мебели по указанным клиентами адресам. Собственный грузовой автопарк позволяет осуществлять недорогую доставку. Также возможна услуга сборки корпусной мебели прямо у клиента дома в день доставки предметов интерьера. Доставка может быть до подъезда или двери, и менеджер сообщит стоимость сопутствующих услуг при указании в комментарии при формировании заказа [1], [3]."
"Каковы были основные недостатки и предложения по улучшению конструкции самолета ВС-2 с двигателем М-22, согласно отчетам испытаний?","Основные недостатки самолета ВС-2 с двигателем М-22 представлены следующими пунктами: 1) использование ""летающего крыла"" было неоправдано в весовом отношении, вес конструкции преувеличен [1]; 2) конструкция была признана экспериментальной, основные усилия концентрировались на выявлении свойств устойчивости и управляемости [5]; 3) самолёт имел недостаточную продольную устойчивость при освобожденной ручке управления, что приводило к затягиванию в пике [5]; 4) эффективная работа элеронов при посадке снижалась [5]; 5) необходимость улучшения вертикального оперения и устранения неэффективных шайб на концах крыльев [5]; 6) предлагалось изменить центровку самолета на более переднюю и уменьшить осевую компенсацию рулей [5]; 7) отсутствие масляно-пневматической амортизации улучшило бы посадку [5]."
What did Trump's chosen Ukraine-Russia envoy say about ending the war?,The sources provided do not contain specific information on what Trump's chosen Ukraine-Russia envoy said about ending the war.
"Какие события и темы поднимаются в сериале ""Слово пацана Кровь на асфальте"" по мотивам романа Роберта Гараева?","Сериал 'Слово пацана Кровь на асфальте' основан на романе Роберта Гараева 'Слово пацана Криминальный Татарстан 1970−2010-х'. В сериале поднимаются темы молодёжных преступных группировок в Казани во времена перестройки, трансформация хорошего мальчика Андрюши в более жестокого человека, влияние жестокой среды, и попытки взять жизнь под контроль. Сериал затрагивает жестокосердные аспекты 1980-х и атмосферу тех времён, а также включает документальные вставки о подростках. Таким образом, 'Слово пацана' исследует темы потери невинности, давление со стороны жестокого окружения, а также обесчеловечивание через насилие [1][2][3]."
Какова контактная информация для вопросов о франшизе Пан Пицца?,Контактная информация для вопросов о франшизе Пан Пицца: отправляйте ваши вопросы на почту ooomagplus@gmail.com [1].
What themes and social dynamics are explored in Jane Austen's 'Pride and Prejudice' according to the Project Gutenberg summary?,"According to the summary from Project Gutenberg, Jane Austen's 'Pride and Prejudice' explores themes of love, social class, and individual agency. It revolves around Elizabeth Bennet's life as she and her sisters navigate the complex social landscape of Regency England. The novel introduces the social dynamics of matchmaking mothers seeking wealthy husbands for their daughters, illustrated by Mrs. Bennet's eagerness regarding Mr. Bingley's arrival. The witty exchanges between Mr. and Mrs. Bennet set the tone for the exploration of family dynamics and social expectations, all while hinting at Elizabeth's challenges with love and prejudice in her interactions with Mr. Darcy and the Bingley family [1]."
